2025017087,Milton Deckow-Zemlak V,Angie_Cormier@yahoo.com,01571771096,1995-08-05,Male,AOZPEQP1,$2b$10$FyrnYdEVz72CqemOhd5CDOPyUCcF9XvTSZa8xS2b0/1opnshymJVO,Teacher,1,2025-01-26,2026-11-23
2004019678,Noel Volkman-Grady,Romaine_Nolan@yahoo.com,01660702704,1974-09-02,Male,55M1D6VL,$2b$10$9MvIyQ18XHzfZ2wKIvaML.vZeqyNKts.X.SnChvOoGVOM8pOgTsMy,Teacher,1,2004-07-09,2005-01-06
2004015928,Ruth Gleason,Raoul83@hotmail.com,01914816232,1974-09-18,Female,Z78P1H50,$2b$10$ALHOktunSRzWwKpwBO4buu19bOhyRWxqJOH8YSVOb9d.3iRlU2KQS,Teacher,1,2004-02-01,2005-05-05
2020012415,Jane Deckow MD,Amina.Little19@gmail.com,01627619090,1990-12-21,Male,JTGCV3FC,$2b$10$srq.QxTrGMh39OD5PuEbxeKDdnCnwteZASgI5oLDMM8j.5kPfBLPe,Teacher,1,2020-07-08,2021-09-09
2009013966,Delbert Haag,Wilburn.Swift91@gmail.com,01591932564,1979-10-16,Other,JKI518KQ,$2b$10$bK3x39InWkjgzAsiyuik1u0RX5TCc/PR3tfL8NfM4ychgTUsUCcYy,Teacher,1,2009-11-11,2010-12-02
2014011203,Kenneth Romaguera,Devon_Botsford@yahoo.com,01768176291,1984-09-25,Female,6F5K7SSY,$2b$10$66qyJXe2CmKuNxYvQ878p.4PbbP3ZCX5QawfQ7wkkjE5rKcMvOh/W,Teacher,1,2014-07-09,2015-02-22
2017016134,Katie Rogahn,Kariane.Terry93@yahoo.com,01777595340,1987-06-27,Other,3Y6GPKM9,$2b$10$7f73lZRqam6nSQIp2V0VH.zTotL1Tf9WIJUpmuPrJccikKDeh5ODa,Teacher,1,2017-03-07,2018-02-23
2012011977,Dr. Christopher Runolfsson,Benton_Lubowitz@yahoo.com,01987416982,1982-05-02,Other,ZPTP4ON8,$2b$10$PFSUyZ1Uy1MGRdtJFEQ9/unPLtujikK4yfeL0UOFgikccTXaYKOrq,Teacher,1,2012-11-16,2013-04-10
2025011749,Lena Carter,Elvis_Cummings@yahoo.com,01746040193,1995-03-13,Other,KM2B3UUP,$2b$10$daRDvS52X9ArJCkQJopFC.ArIZw4phD1Z1s7UyW/RePTpftyUlLnC,Teacher,1,2025-01-14,2026-10-07
2008011238,Mamie Bayer,Trenton63@yahoo.com,01514540887,1978-11-05,Female,6DVC618N,$2b$10$ZBYI7PW98MKMnZ6ofGSMDOCQfr2janSOjFlN5oQ5rissoxB6or2Zq,Teacher,1,2008-07-04,2009-06-03
2001011524,Roxanne Koch,Reece84@yahoo.com,01932480467,1971-10-05,Other,XBYXS7AX,$2b$10$KolR/XePjQgLftUBMe6XTuF.sB9seVJOu2WLYc5HSnMwo.yMqz3jW,Teacher,1,2001-08-18,2002-01-16
2007016344,Brandon Stark,Keyon71@yahoo.com,01794327726,1977-05-19,Male,Q1P8FWON,$2b$10$HjwTOrkWqcVgpX0J4g/6kOdnLm8YU7Sus/O/clyz81H3n0yPTIkty,Teacher,1,2007-06-09,2008-07-20
2020019263,Wayne Franey,Rahsaan_Marks@gmail.com,01987037440,1990-11-10,Male,6MKICTW7,$2b$10$PNJ6cygEuqpr1oivbEveVuFMXkS8JbdtIJuQjBbF1ojgLDi0QRhi.,Teacher,1,2020-03-10,2021-07-24
2002019427,Erika Keeling,Idell_Cummings@yahoo.com,01599783520,1972-04-07,Male,5HY6257Q,$2b$10$HRW20AglHfXM3AEIMmw9w.ubVVM/cT2YeelwQNdoDnmqmDRxgtqQK,Teacher,1,2002-06-12,2003-02-14
2018015002,Tina Marks,Allen_Bahringer@yahoo.com,01661805886,1988-03-01,Other,1GWHQSJG,$2b$10$wEB9SpaLgzBsj3QrJe4jNeOJIcYS43aT0aCEzScIFagGLesgpnaW2,Teacher,1,2018-03-19,2019-07-18
2022014753,Genevieve Mohr,Abagail.Schmidt@gmail.com,01893944163,1992-04-22,Male,K3GN90UK,$2b$10$ShoyjcReB1WRm4leukRDIetGBSNtbEGY.6vq9wjiGOkQ6xrQSJAJS,Teacher,1,2022-05-17,2023-03-10
2015018630,Ms. Kari Connelly,Emily_Keeling86@yahoo.com,01963474154,1985-05-28,Other,I08VBTLA,$2b$10$EfH0j6BEuir8xdS.xf6MwugZ.LuIj/k3USzS6CO904NaNHnw9JUYq,Teacher,1,2015-04-22,2016-12-26
2016013794,Merle Greenfelder,Alford_Franecki@gmail.com,01863927525,1986-10-21,Female,F0ZXQ26V,$2b$10$lzd0o7MCqczlnaHloG3BTuTmgSVHb9PWETdxY1U1z9rcs5Hn7KJXu,Teacher,1,2016-02-18,2017-11-05
2019019915,Marc Keeling,Katrina.Towne@hotmail.com,01694322597,1989-03-22,Male,TC1O0AXP,$2b$10$bje3lObXanJdOOooF694T.qFuXxZSNkSKQrE0jDqNkaIdq/5nWDim,Teacher,1,2019-04-06,2020-11-25
2011018289,Tanya Kuhn,Krystina.Grimes@hotmail.com,01615725621,1981-06-15,Male,HKP30P48,$2b$10$jmLiKJvVYMWWoG358rmU2.IZrFcGrKc0LUL99grQD/C2BFFImRzrG,Teacher,1,2011-08-10,2012-06-02
2017022300,Lucia Steuber IV,Tavares58@gmail.com,01913310182,1987-12-04,Male,HJMTW73T,$2b$10$eqbvgo1pHuIcH5JxDUqfF.m0yG8TT9Udv45FFDZD2rbNsQA7FSQ6e,Teacher,2,2017-01-11,2018-02-01
2012022259,Violet Gorczany,Jacky_Larson42@hotmail.com,01913690033,1982-10-14,Other,PNQKSLG6,$2b$10$nWHISady/iJwlpkUjm3SMutJjziq9GTfW1qWGjy/LpuQ70KLw0b3K,Teacher,2,2012-02-24,2013-10-18
2015028717,Ms. Rosie Goodwin,Hiram_Block31@gmail.com,01722516994,1985-03-13,Other,GR242SDF,$2b$10$cuqHKVK0/tXT3JOjX3rVye8qzHg3YnuWO8UwpKO601GlZoi4zEcYO,Teacher,2,2015-06-17,2016-03-14
2009022113,Edith Howell,Elinore74@hotmail.com,01864347468,1979-10-08,Male,9A3NJJLB,$2b$10$rwLPs08T.YWWvOrxNZg.FO61jePJZBAKkU4.f.0Lt4uoqg9eHqnKS,Teacher,2,2009-07-27,2010-01-23
2005027829,Derrick Kshlerin,Santiago59@hotmail.com,01779825338,1975-08-03,Female,66MZAR6U,$2b$10$f3EOIQ/7.ZaoeDkMPU.0nuV1KH..HUYH6yIAXf5.zVLY4NgPNT9Ie,Teacher,2,2005-05-24,2006-07-02
2014028550,Mr. Chester Johnston,June.Witting@gmail.com,01550049571,1984-08-04,Other,D8YV5N38,$2b$10$C5Zlol.zkJPOHBs80x2Bh.3c4sz7ItIK091xQIIZ8nx5eS9.9fcp6,Teacher,2,2014-10-13,2015-09-06
2001029086,Alice Gerlach,Kenneth79@hotmail.com,01563968791,1971-08-02,Other,NCYY6P5P,$2b$10$woifNWCjhNNHgqxswTVwWeFg8zFbt76rx.u/7ccSKDkngdIv3rLf.,Teacher,2,2001-03-03,2002-06-17
2001026453,Dale Simonis DVM,Lorenza73@yahoo.com,01557976623,1971-03-28,Other,V1TO0O84,$2b$10$cZ4huCdLX8qeR93QD656CuL2rOwkAsaDDLd/8Ilf1SqrfMRD4ggzq,Teacher,2,2001-07-27,2002-05-01
2023025469,Mario Hartmann,Kareem.Anderson@yahoo.com,01768522284,1993-02-17,Female,WN2A0OAR,$2b$10$ufb1Gtr3RYe4KebbCkx.ee36Fc2vit/bx/DFluEGLdA/XLXxmdsSO,Teacher,2,2023-06-23,2024-11-19
2004028581,Miss Joanna Mertz,Frederick_Crooks@hotmail.com,01657454166,1974-10-12,Female,O9ONVM6G,$2b$10$/akiFBu6NbxM7ZT2eVT2ueqlAQRe1akMrwSrAo90IVRU8wC1qedqy,Teacher,2,2004-01-27,2005-04-10
2001024570,Israel Huels-Frami,Eladio_Jacobson43@yahoo.com,01881928850,1971-09-14,Other,AW2NHVR0,$2b$10$d/caVUCCmGwzYGXTjU6z4.V9AAcE87yMM3FATdgrCEv2eEtjTczlq,Teacher,2,2001-02-28,2002-03-20
2014027793,Sheryl Bashirian,Lonie_Wintheiser@gmail.com,01967465218,1984-03-13,Other,UQ9XHP51,$2b$10$AoKnRWzNA3xCXHO6yv/PeeHRc9VPjsY/QeglLqKKvA12VMEIYKJ1W,Teacher,2,2014-09-04,2015-08-20
2020022299,Raymond O'Conner,Piper.Ankunding@yahoo.com,01754764146,1990-01-02,Male,FTKH5RP4,$2b$10$xbhTPjCYu2KMON9JpaBWT.w.aTqIqpvebK2f/Iphc.ZyeJe0ZxXY2,Teacher,2,2020-09-12,2021-06-22
2020021322,Fredrick Beer,Marilyne64@hotmail.com,01944531110,1990-11-01,Female,3RDXKY4E,$2b$10$ZP45bqs1yPH.rVMDNknwx.G26YT1f3ly0isHNN7TrMXxCXbXa8V9e,Teacher,2,2020-11-25,2021-06-01
2013025917,Reginald Ernser,Hollis_Bergstrom53@gmail.com,01868915017,1983-10-25,Male,5V0J2JT9,$2b$10$i84t7Be.Yvq8ZsLwRNGhoeg6m4fKnc2n16tlDAnTgf9itZ0eZbQnK,Teacher,2,2013-08-28,2014-03-11
2024025822,Wade Braun III,Jarrett.Treutel@gmail.com,01718877292,1994-08-06,Male,12P0IB7D,$2b$10$bT6lQ26Sj87XDu9H/eaFquZwK/YVqWmpeM/UWyi8wshQmzlMLQPra,Teacher,2,2024-09-09,2025-11-15
2015023105,Clifford Yost,Elinor_Runte31@yahoo.com,01731951000,1985-11-05,Female,CJRRU6WB,$2b$10$hcNT7kKU5MCa/yUXY/NvM.iCpTkeOil49JhvlolXgrgqmg7Vx0k.q,Teacher,2,2015-12-03,2016-03-21
2005029399,Mr. Darren Pacocha,Eugenia_Brekke@yahoo.com,01830349366,1975-08-15,Male,EMT5N3X8,$2b$10$94iImucQeY.DpjF7K69mtueEcL56Io1nxt7q3SeojpGRgn4DjJK8G,Teacher,2,2005-10-19,2006-10-06
2007021629,Wm Smith V,Betty_Crona@gmail.com,01755688455,1977-02-01,Female,MTRHYRTM,$2b$10$xbL.XveeM1DDOD75Ylc8POI4jcyzLPdMJL0p.sbGHlMupqWeG4elm,Teacher,2,2007-03-27,2008-05-13
2011026293,Ms. Shelley Lang,Oscar_Schumm7@yahoo.com,01868787283,1981-07-07,Male,1SZ7QZD7,$2b$10$sEN4vk0/klejFXsm1gPMeeE/iyG2iKIMERPwLI1Ku6vfdrwZQeYRW,Teacher,2,2011-08-19,2012-04-28
2023039486,Antonia Bode,Lucio.Hegmann@hotmail.com,01911557668,1993-12-13,Female,5U24ZOK2,$2b$10$KoiizgfbcR9Yizc/2jBYgeBq8oBT90NJP0m2IlhVccnjf8.jG5URe,Teacher,3,2023-09-24,2024-01-07
2020038105,Dr. Kelly Harris DDS,Nellie_Rath31@yahoo.com,01589425380,1990-07-27,Female,YJWAW1Q9,$2b$10$HW/B2AA9fOvNMmxnEKYNHOXetAcwXkGYlVvWnEAZgTEO/6SygvzPy,Teacher,3,2020-10-23,2021-04-15
2021038316,Geraldine Steuber,Jackson44@gmail.com,01785077673,1991-12-25,Other,3GZLJZ46,$2b$10$ELfo0rpMQyTQaGwhTFQOzOdqRnnDqPpZO/wfEVAPqIPqKc1en.aEq,Teacher,3,2021-04-15,2022-10-01
2011036719,Kirk Bosco V,Nikita50@hotmail.com,01538053330,1981-02-17,Other,2KGSRSPW,$2b$10$mBR/kfvu/UIxZXK3fuhA3OyyLyKHofnKNGoZWXnZsPY9DXFAQzsNK,Teacher,3,2011-03-16,2012-03-09
2013031037,Ms. Patricia Brekke,Patrick50@yahoo.com,01749883224,1983-02-06,Female,MZLJKX36,$2b$10$u4xyJRW67Qj0L9TVYkg48.6nOHBZz1bgcEdmpnaHVV7d57fZbRMYS,Teacher,3,2013-03-09,2014-03-03
2021031314,Sophia Stracke,Davon.Quitzon-Satterfield95@gmail.com,01599596070,1991-05-26,Female,14DHDX13,$2b$10$r3YRtj1ovc.9jJ7GYgKhxefOgjZNAos0rT4Va2kb4WTjLn90vqo8.,Teacher,3,2021-02-17,2022-11-17
2020033297,Andre Lind,Rosario21@gmail.com,01641318355,1990-12-04,Male,5HKSXDCH,$2b$10$BMMdSKHgZiqhB06grKkmwuoFo2kJ0AOv0bVKRA2fJ6CNnrZYRimhy,Teacher,3,2020-07-04,2021-04-07
2014034693,Anne Swift,Julius_Bruen63@gmail.com,01945994919,1984-09-23,Male,BZSN7ERI,$2b$10$VEuxrKKP0l94kB4ehFqxEer9YV2SLY31WynA.T1Rl1rY6zJRsvPc2,Teacher,3,2014-02-22,2015-03-05
2007032155,Mildred Kilback,Hank_Bruen60@hotmail.com,01927512981,1977-05-19,Male,K1K246G6,$2b$10$1bqrmyAFhpW.Bc5YhCJUX.IrLRFIb9agiRex6HaeI29YFdVQ/.BuG,Teacher,3,2007-07-14,2008-12-10
2013034870,Mr. Leland Carter,Kennedy.Bahringer@gmail.com,01596168118,1983-08-11,Male,6NP0J3ZE,$2b$10$/hBBCCb8MJquHF2N7GQeFutW.YtzneZaAwB/o3bdx9n4j69zvjB06,Teacher,3,2013-07-28,2014-11-04
2004038296,Beatrice Zulauf,Warren3@gmail.com,01954131945,1974-07-15,Other,35XTTRE7,$2b$10$ApLYeFNzJg0SyRuE4kKt..BhdNVYNb66qllIv5g97J32RbKNsfCyy,Teacher,3,2004-09-25,2005-09-24
2023033311,Mr. Tommy Skiles,Nico42@yahoo.com,01596025986,1993-11-05,Male,IKMMU3F8,$2b$10$GAqJrB4MARW9qXbsCOWm8.aId6RlmnciYH.Nnn2BSklLqI5fRX/gG,Teacher,3,2023-06-27,2024-12-23
2011034048,Richard Keebler,Rodrick34@hotmail.com,01989944838,1981-10-26,Male,HH2P5NHC,$2b$10$MvquGdP30FrAsWKJAq07.Onb7c5DUOHlrL6TvMebsFkYmc.iskujK,Teacher,3,2011-11-04,2012-03-15
2007034499,Tyler Block,Michele52@yahoo.com,01730162534,1977-01-18,Other,GXYCE344,$2b$10$8C9exwzipvpmuwooWWEYu.suG4267VQM30KeGT3nzKOQrxIf/p15i,Teacher,3,2007-07-17,2008-10-26
2010037512,Dr. Bob Zboncak,Derrick_Wiegand91@hotmail.com,01569906121,1980-04-26,Female,1J2LBR5V,$2b$10$phfwBfGvpO5FFMht0IDZU.zcavvCp7Bur/vA2eEwXc/nPukvam1VW,Teacher,3,2010-08-16,2011-11-22
2007037015,Gwen Huel,Mireya29@yahoo.com,01984043606,1977-08-12,Female,0SQ18ENP,$2b$10$wNKrSOj0TIebBSc/WBtdruR0nBoO9jnJqBO8tVUQelyEk244HUZ6O,Teacher,3,2007-12-01,2008-04-08
2025034390,Ruth Kertzmann,Juliet45@gmail.com,01924165911,1995-11-24,Female,1O8UTC3O,$2b$10$PYuRj9f7sE9MF0aS36k71eP6DHfwh/sBgALrzS/IvWLJ8dCCh05IW,Teacher,3,2025-02-11,2026-04-28
2021036763,Cecil Franey-Jaskolski,Cindy27@hotmail.com,01817316921,1991-11-07,Male,CHJ1JFDA,$2b$10$HVR0qKQaXpoKScsR9Eox..FbBWHGQO8RpUUpxgg4gEGEzwkZavcoi,Teacher,3,2021-09-06,2022-09-27
2021037527,Rhonda Koss MD,Tito_Kuvalis@gmail.com,01585526634,1991-03-14,Male,SOIZI01O,$2b$10$KjlBIRbvOGe03D3krnqOzO/k4pxgodtFPS2g/OIoTduwUxBmXhdPm,Teacher,3,2021-12-20,2022-05-26
2023033249,Faye Bayer,Ludwig82@hotmail.com,01859208799,1993-07-13,Other,4ZXBTSM3,$2b$10$99oNDF4Ik0IvaBSSAbjByun9FE5WTLQV5XGSz4wv1eXK6yEXmExb2,Teacher,3,2023-10-05,2024-09-06
2012045384,Vernon Stracke,Elizabeth_Heller50@hotmail.com,01520808690,1982-01-07,Other,0WY9TZL9,$2b$10$q4PAdAvmhFUF4jbUT0t5n.Dp89iXw.ydgzxYkUlA5R/nZbgiPH2ma,Teacher,4,2012-10-15,2013-09-16
2012045171,Dianne Bayer,Meagan78@yahoo.com,01526402064,1982-06-24,Male,WTLI3BRO,$2b$10$.8oIC7YP6JNUwKHvbeLBzOkpiWS136u6iUSZcsdm/q1xjnXAyPEpK,Teacher,4,2012-02-13,2013-07-22
2004042463,Winifred Koss,Rollin.Kutch87@gmail.com,01670081580,1974-07-25,Other,UL3GRNJY,$2b$10$XOyv.cCvzgGv54QO07veFuayMotbLKj8CXILeqdTLR0qFxWeUkA9W,Teacher,4,2004-07-04,2005-06-21
2005047123,Grace Spinka,Raphaelle8@hotmail.com,01775475367,1975-09-21,Male,2YSLMDRA,$2b$10$.WOCqDX/fwj.2wc4j0Y1..7NMvaWQFsCkiCz3Y4WTG3SObGULm2me,Teacher,4,2005-09-02,2006-07-28
2005047409,Rosemary Lindgren,Marlen23@hotmail.com,01738794550,1975-05-09,Other,RFNG96RJ,$2b$10$2IEh.23mzEhemF88AJmpAOhbIhv0qd5qFCrj5gJ8.DFGrPUmaQMLS,Teacher,4,2005-02-09,2006-02-27
2016041148,Mr. Pat Altenwerth,Dianna0@gmail.com,01659678082,1986-07-22,Female,DV8GHZ1B,$2b$10$i.uLR.NxvsJNPtdpNT2Eq.7GOaPbOEq7PSz8Q5Jj6L.jKsNoIRGM6,Teacher,4,2016-09-17,2017-10-15
2004047953,Becky McLaughlin,Karianne.Bailey@yahoo.com,01630663837,1974-05-11,Female,KGRUKU3D,$2b$10$2BkEf1rF9RJ/sBmt.z.UJOT2IG92AfgtMK6ittJikawiFPvb1Cqz2,Teacher,4,2004-11-09,2005-05-18
2008049530,Maria Bartoletti,Montana17@gmail.com,01843252230,1978-09-10,Other,0L33PYE0,$2b$10$0Nw.s7oe0HnZlvvBKbSEAugZx8Rzy93X8I1v5NuXtpubQcP7BbKwW,Teacher,4,2008-05-06,2009-01-07
2001047318,Carolyn Mraz,Miguel22@hotmail.com,01632701295,1971-01-16,Female,9T33M6QB,$2b$10$1nLz4IojtJ1uMIqdrl110.Ip61u7qPgf3/P4u/jLDIheH4vegV4Ay,Teacher,4,2001-07-27,2002-02-12
2005045826,Mr. Melvin Wunsch,Maritza.Hayes79@hotmail.com,01894645349,1975-05-16,Female,OZ0JA7UH,$2b$10$WKrXexQGX.kNomZapnv05.Xs7pnRic5hx.a8zlqGMIEInR0z1djTu,Teacher,4,2005-12-03,2006-02-10
2022046609,Ashley Bednar,Bart.VonRueden21@yahoo.com,01880514873,1992-08-20,Male,9PMBOSW9,$2b$10$XSJ505Ce.3HD2yfI.NLOHeb3si6N3.vhbHhpaRVNN.8Ahh9CaQ8bO,Teacher,4,2022-12-01,2023-07-22
2019043018,Tommy Parisian,Davonte_Aufderhar0@gmail.com,01953081106,1989-07-01,Other,31E0O8P0,$2b$10$Wg0P2pB6q114H7b8cydOC.NpWO6nc.a6r0ME.xasXXLPcuBc6MkI.,Teacher,4,2019-07-21,2020-11-03
2007045295,Valerie Johnston,Jaida.Sanford@gmail.com,01617673602,1977-04-12,Other,YNUDO7C3,$2b$10$lkUMkI/SNU9S.LrpD2FR7es9OFclNS8Rvaxz1hZOOolKVtsjk3Boq,Teacher,4,2007-08-01,2008-11-08
2004045308,Eddie Breitenberg,Lesly26@hotmail.com,01929901613,1974-09-23,Other,VQZK1ZRI,$2b$10$sOFpv74/tDUx6bDS3tqpaepfc3nX3uoNqYzmQJS6nZMYQrZTEWaty,Teacher,4,2004-06-14,2005-05-18
2021043796,Sammy Deckow,Pamela_Zboncak@gmail.com,01932796046,1991-12-26,Male,2XWBDZOF,$2b$10$14x7b6kFCQseDK3rsQkJwOU9Jo3LrkQchFcZwvHQBUf.zX756309G,Teacher,4,2021-03-27,2022-08-11
2019044578,Kristin Bartell,Zechariah32@gmail.com,01550599692,1989-05-20,Male,COE6ZA29,$2b$10$DCUNC7ldLnYNc4Qi4vpmU.bP7ApY7d1/SRXqeu3SdKRB9Mx70j15K,Teacher,4,2019-11-03,2020-08-22
2001042498,Katie Cassin,Randy.Hartmann@gmail.com,01958119795,1971-02-25,Male,EANQY4JN,$2b$10$MROUVZ3zAtz96IMyyZXCdu43qIHe9zThXXfg.zb3RqNpoL0AI6jqS,Teacher,4,2001-07-06,2002-07-26
2021044127,Levi McCullough,Sean_Hoeger@yahoo.com,01971336634,1991-01-02,Female,FEIWDXY2,$2b$10$EF/bww/l9DwkZO9DOVg.ae8fmncE5QZNg5bE9vf5hL7KcY7XhXkKe,Teacher,4,2021-05-17,2022-08-23
2002047488,Wendy Hessel,Gabriel.Moore@gmail.com,01712650406,1972-04-13,Female,A5SXVZOJ,$2b$10$d6xHxBDPPnWAi5og1aY3VO9Hum/mfjJgBgqQub.ver4Y5uqEI8.K2,Teacher,4,2002-02-17,2003-01-03
2002047930,Lynne Keeling-Metz,Dalton33@yahoo.com,01787418835,1972-02-25,Female,4BQU1951,$2b$10$c3PensulbVBiS4j9o7gKwOBkb1oM7UGWCn/aWlQmSFrGXXVmgtWxG,Teacher,4,2002-07-02,2003-01-09
2006053061,Lawrence Gibson,Raoul.Wolff@gmail.com,01886307670,1976-11-09,Male,5QYYU0MD,$2b$10$EKStfahtd752aop4FX0Ps.ykxteElj2ddkYkO.cVIiNrR.ZoCtDe.,Teacher,5,2006-09-24,2007-06-04
2001058702,Tami Sauer MD,Aubree_Torphy98@gmail.com,01566131614,1971-08-24,Female,PUILPHTD,$2b$10$uUKknpr6aY6mrTzl8/1kOORQ.RJi5oCh3TnsOWLgpASHy3XYElsyO,Teacher,5,2001-03-27,2002-12-09
2025054176,Micheal Langworth V,Darrick10@hotmail.com,01971749869,1995-01-23,Female,UIHMDUMY,$2b$10$278BL0lyWBQvaBrkloZv4.KTWev7HN88dxwmE/Lifp.1cjhJOiC5C,Teacher,5,2025-10-17,2026-07-14
2022054557,Florence Bergstrom,Vaughn.Larkin1@gmail.com,01590802540,1992-02-24,Male,5JCCAV2O,$2b$10$bmIMWTC/ujCMNR.wUSlcMesnx3TA4GV4URPRNg.0zKuEI0YK3y5Q.,Teacher,5,2022-04-01,2023-06-16
2020058054,Erin Kuhn,Braulio_Feest64@gmail.com,01886233309,1990-12-01,Female,DHDFLBNC,$2b$10$rqpkOv6ZzI8shkYp3QiiU.mMJW7VsLrMefiQlSeYrO1W6K8LpgA76,Teacher,5,2020-06-22,2021-01-04
2000057141,Kent Borer,Kim.Walsh@gmail.com,01991990579,1970-08-10,Other,OE1WS3Q8,$2b$10$UncphHHIKE6eaqT4BzVkyu4KBJ/.4arDx2Gc8U3C/06QnKo357wWq,Teacher,5,2000-11-22,2001-03-08
2010051687,Bradley Renner,Jerrod18@yahoo.com,01937057958,1980-07-03,Other,4QFYBLIH,$2b$10$B9niNPrWOi7FW092cR8lS.QyS5v5k88iDLVjcHo8/07Qsg0JqdzCa,Teacher,5,2010-05-11,2011-05-22
2003054759,Cornelius Hammes,Ebony.Hansen68@gmail.com,01755367385,1973-07-04,Female,6XORPFXF,$2b$10$8R7CwKdpPK/RLSfSQI5FOOfCVJrK5lGj/oRm68UZsQ8TzHc1.Ay7O,Teacher,5,2003-08-06,2004-08-14
2000051897,Eula Daugherty,Bennie.Davis88@yahoo.com,01523025411,1970-04-17,Male,OPXWMHYP,$2b$10$4VGzVZ.UV2BRuezQ9Ofh/uUbRbbigJGdgS4qiUY2/g3A/zmjNaA8e,Teacher,5,2000-05-23,2001-02-12
2001051697,Mrs. Paulette Dickens,Aylin_Herman@hotmail.com,01875900491,1971-07-04,Other,0YHQ9L4A,$2b$10$DYjMEDKYrsvznz333UGRH.abP6/y48f6cD6nWm6414Rdz84INXy9S,Teacher,5,2001-02-19,2002-01-25
2003059323,Miss Connie Batz,Casper_Heidenreich@hotmail.com,01656841789,1973-05-16,Male,GUKC8SIU,$2b$10$e27rZWArKUrkScY9h/jxJe7seoVJ9cd44aL.GJL8UZa47QXuBfr5W,Teacher,5,2003-04-17,2004-10-28
2011056282,Alonzo Padberg,Desiree76@yahoo.com,01938252261,1981-06-19,Female,WQJWMVDA,$2b$10$lReW9uhJwfvxkO4eDLwUkup/zRcYTYQZH2QrJ1CXxhiv6pXkL6Phe,Teacher,5,2011-07-13,2012-11-19
2013054785,Micheal Cronin,Lacy.Rogahn@hotmail.com,01923909322,1983-08-07,Female,UUAB2FDA,$2b$10$At0.RGytOMNi/ggmUgd55uKZFWha/RsokRAbOKfK1qVIvIvNHzxQS,Teacher,5,2013-06-10,2014-04-11
2011058460,Beth Boehm,Lucie34@hotmail.com,01894129866,1981-05-05,Other,6EGAF94Y,$2b$10$/nUMIH2q.xbRq7wBw/SMOOyigVZ9ubJAI5IyWIwPROQiZUY5E6b/W,Teacher,5,2011-12-20,2012-10-26
2018057865,Diana Stoltenberg,Brisa18@gmail.com,01564305590,1988-12-03,Female,AZ2VMFVL,$2b$10$.Q5vaH.VVQ1G62YrDQf6legsVS/DLOYmcqP6ti2.ieQ7m9dRTY6vu,Teacher,5,2018-05-18,2019-01-17
2005057458,Angela Schowalter-Hilll,Jackie.Jaskolski63@hotmail.com,01968215368,1975-06-02,Female,QF66NT42,$2b$10$Ar4HpQ0hduBFpFvsvpwWLeRqFDlEe7OZ8ZMtXK.xOEADQzn1VNzM6,Teacher,5,2005-04-23,2006-08-27
2006057221,Spencer Kessler,Emmalee_Hartmann@hotmail.com,01779923668,1976-04-19,Female,O9VJSUXB,$2b$10$orswXA.hMeKqU7PEa0hVNOdtKvGCH8uhrL17fbMKyK0juWGzTq7KO,Teacher,5,2006-05-19,2007-04-10
2022051578,Essie Tremblay,Luisa_Stokes36@yahoo.com,01745051881,1992-08-24,Female,Z132BY72,$2b$10$TWXaN3qpgSxvic4Ft7nJlu9ptufn5qVOtGZl.nriSImHG0DTSEmTO,Teacher,5,2022-03-06,2023-09-06
2003057433,Elena Bode,Stephon_Witting53@hotmail.com,01853813767,1973-08-05,Other,Y44LHDIW,$2b$10$rG1hnd024uSI/DSJWRdIcun9d7.A24f26otnbqlFOm/1jyo9sX0sK,Teacher,5,2003-10-23,2004-04-21
2002054286,Gwendolyn Upton,Daphne_Lueilwitz88@gmail.com,01885122399,1972-05-14,Other,HGHGQN0P,$2b$10$gj4PnU2onV06NSOVXTKR..IlSCGWNHl2QqU8GlKgJhSh8Iv0SCmKG,Teacher,5,2002-04-26,2003-09-19
2003062812,Laurence Barton,Sandy89@gmail.com,01869274245,1973-12-20,Male,VDJD3ZNW,$2b$10$On3TVWfIP92i3lT/yVkj0O9ORT8bYmfQMjaQETiONXiKlhJmRGoR2,Teacher,6,2003-10-03,2004-10-21
2022064235,Wesley Barrows,Santos50@gmail.com,01769652593,1992-06-06,Female,Z9IGPHKR,$2b$10$cHqefpQmjjQua9pWg/ninuPCx21FIk53PXkLe4R.jobiEWWvhVdAG,Teacher,6,2022-04-20,2023-08-16
2017066376,Dominick Ullrich,Hunter.Swaniawski@yahoo.com,01756968048,1987-02-06,Other,HIDY30VV,$2b$10$AaF6RtUFTCj1W9CF/QkC7OcicQ1eisfcS7gsU/YmHvd8.NVadPPQ.,Teacher,6,2017-09-19,2018-10-10
2000067547,Stella Schuster-Ritchie,Kadin_Prohaska@hotmail.com,01644458699,1970-12-21,Other,FPBZAFIY,$2b$10$R0fR3MwFGgOSWSBidQa4puDi8rUKQlD.une4ciRLcrGxb36NmiAqu,Teacher,6,2000-08-18,2001-11-13
2016062741,Mr. Julian Hilpert,Makenna.Nader74@yahoo.com,01929900015,1986-03-11,Other,ZGB35JLG,$2b$10$Iy9xAgNe9GQnUxmQbo7Ob.rt2xjPMRA7oFAgZP30aQhDVGSTBXLz6,Teacher,6,2016-12-16,2017-03-04
2025063474,Lynn Ortiz,Terrance_Ruecker14@yahoo.com,01964683250,1995-09-06,Female,PIUSDRLC,$2b$10$TEy1atr.jW9uF6bPeQ.f6OeMuwyEZQb9sH3.RM7P.tYiUy/79q/1a,Teacher,6,2025-11-20,2026-07-04
2014068899,Alfredo White-Kertzmann,Hazle.Fritsch10@hotmail.com,01565045121,1984-12-05,Female,V5TRHWRU,$2b$10$ja867umZcHyZ7Uf6KWWoVOSMNCSUVDG8hEzYMc/RlENQD79XEK2rq,Teacher,6,2014-06-19,2015-07-02
2002067119,Kristi Ryan DDS,Kenyatta61@hotmail.com,01917638578,1972-11-26,Female,N7UEVP27,$2b$10$dTurf1q5ia7pzf5mzOdXpePYBqE211UqSAVEYDCMS1WD3LEmX8uxm,Teacher,6,2002-09-12,2003-10-11
2016064889,Ruben Rutherford I,Emmanuelle40@gmail.com,01560600544,1986-07-16,Male,WMCCD62D,$2b$10$GvQTMjuVYqyTEkH.LcTnuukFI3jAiwqI4fFDyBiYPHKYGhtcT.a4O,Teacher,6,2016-03-11,2017-08-23
2005068365,Heidi Kessler,Emiliano6@gmail.com,01660204388,1975-01-04,Female,K1YG0WK9,$2b$10$SJsy0fBFFSQlbRjElHOK0uzo9wBEhzDK4SPq80JDdp1EpaoCkooKK,Teacher,6,2005-09-10,2006-06-05
2017068099,Terri Rippin,Cameron.Wiegand50@hotmail.com,01532386308,1987-02-24,Female,KNESY3JA,$2b$10$92IoHAjgKwmmEYQm4m5T6e9QN4LE5Bhi.dT5NtsIepGaGFzxMz7HG,Teacher,6,2017-04-08,2018-05-12
2018063672,Marianne Ankunding,Laila.Bechtelar85@yahoo.com,01542447146,1988-05-06,Other,3C2K8EFC,$2b$10$5UPw0HuZnGKb3.TOSG.VpOacDMp2sQRjE0Q3UEZ70cEItSh9xSaUu,Teacher,6,2018-06-04,2019-06-18
2014066935,Blanche Rau,Elinore.Schoen@yahoo.com,01732591491,1984-07-23,Female,TYFEQEQN,$2b$10$YW5h2od8BtXHvMpMjdanfO1veXcAazi1d7UEGnEePjF1Q7Su.IztO,Teacher,6,2014-05-26,2015-02-17
2015068097,Lora Stracke,Alta70@gmail.com,01974259045,1985-06-21,Male,SMRE1PDN,$2b$10$yyiFhwsL4YFNYY2tHfARz.MqDVR3TrQudIzd2Wf0MVKGAI.i4XrB.,Teacher,6,2015-07-05,2016-01-13
2004066938,Jennifer Stehr,Davin.Jacobson68@yahoo.com,01822100725,1974-09-17,Female,LYMVMOL3,$2b$10$UugMYQUHV2jbHJji3A2uzu2x8YRqDp0xCIJqqrYbjRdYBKGlpGOWa,Teacher,6,2004-01-22,2005-05-22
2001069212,April Hayes,Linnie_Raynor@yahoo.com,01768641318,1971-09-18,Other,9TOB0LW1,$2b$10$z6SwsgGzFh5Ieo11M9zabuvILcCbtCDmUX/T6zRWqmT3Im2ZSqR1W,Teacher,6,2001-08-28,2002-11-17
2014061699,Brenda Tromp,Freida5@yahoo.com,01775131536,1984-10-26,Other,3A38S116,$2b$10$oulzOsnzwa81pWEGF64dbenLolK5ORJ/lEIqbkjasB9MfltH78FOa,Teacher,6,2014-01-19,2015-04-05
2024068666,Evelyn Altenwerth,Alayna41@gmail.com,01866055410,1994-08-01,Male,92VWABWX,$2b$10$xc6ZWby/FVKVHca8nNzzguv5l1eT6QTFPh9jh6sl3rkRoNDNGWxgO,Teacher,6,2024-01-28,2025-08-02
2013064884,Ms. Jacqueline Zieme,Ari.Krajcik@gmail.com,01533703029,1983-01-21,Female,RO04O6WG,$2b$10$T9u0z8N7z0dzLwby6zUd1O/Ydp3BzIkTajQqW6Ffzn7Dq/CH0tnLe,Teacher,6,2013-02-21,2014-06-06
2006066838,Shawna Pouros,Alycia_OReilly@gmail.com,01632627344,1976-07-10,Female,YS3LOQEC,$2b$10$x0meZrtQuiBgDN2iXbyKBebJeb8BQ2ej7PtFEw7dJ29NEyYQo6Re6,Teacher,6,2006-10-07,2007-06-24
2015075999,Jason Becker,Arnulfo_Kohler95@gmail.com,01512359791,1985-06-10,Male,2ASHNUQS,$2b$10$13FIyxTebWmga8eu3znB1.pLpk4Kfqb7648cUIZyaJbx3yi9UouOm,Teacher,7,2015-01-03,2016-04-25
2019073404,Jan Zboncak,Walter_Hodkiewicz77@hotmail.com,01732978350,1989-06-07,Female,Q7NARACZ,$2b$10$/KD83TAMoo6rQnYC6d/smOup/yMyCwlVI05s19Z3dy6W5qXCA6/lK,Teacher,7,2019-10-13,2020-10-07
2009076054,Mr. Ernest Heaney,Terrance.Witting@gmail.com,01913322319,1979-05-05,Female,ENQQTDYO,$2b$10$x2M80q7PkPstezFgJyVT1ekH31hYMNeasK9KpOtbwDcDTNuPTYaF.,Teacher,7,2009-11-07,2010-08-10
2014077588,Rick White,Marquis.Durgan@gmail.com,01533831586,1984-04-17,Other,NEA3SXKU,$2b$10$gZjgaHc7Aa1tMF2EyHLIquAq/v2Km1D5wwxUs1xj74o0SzfJjmW6O,Teacher,7,2014-02-21,2015-10-03
2023071728,Wm Bashirian,Tad.Beer@gmail.com,01897151714,1993-08-16,Other,2JOS5J46,$2b$10$GAntFUKILQ61GsXUCxKofuasu9qF6WWgCvr2nrBYgHu1hMTUFrywy,Teacher,7,2023-09-08,2024-04-07
2017073373,Misty Smitham,Beryl80@gmail.com,01819018608,1987-09-27,Male,Z9QN9R1Z,$2b$10$S2qdPwX1CVbbqETThE9fveRg2rVZWxM7wXMRILK1ccAJnLX.sTV1G,Teacher,7,2017-09-10,2018-01-19
2005077428,Malcolm Marks,Mathias67@yahoo.com,01684212966,1975-08-21,Female,QU9EN0EK,$2b$10$omNF6Pm63mNVMRhkcfFM8e90bX3QfQnaYcOaiwUCqXL6kinNuEnAi,Teacher,7,2005-09-07,2006-01-24
2019078182,Kelli Toy I,Daryl66@gmail.com,01553212512,1989-04-20,Other,MNDVJM3E,$2b$10$80soJ/XRHnLEQSofP23WTuTnRNqoIe58bI3LyQtZY/glnavUZGHk2,Teacher,7,2019-04-17,2020-11-04
2011072832,Kenny Hagenes,Shaina.Medhurst@hotmail.com,01879338575,1981-07-27,Other,YM706EI3,$2b$10$pT5Ilkfps9XxlEVDB0IyC.2cc62DF5qD/uB2p4cBQRbZaeqqDqyzC,Teacher,7,2011-03-18,2012-11-27
2013079032,Jody Breitenberg,Kamille.Morar5@hotmail.com,01950613948,1983-09-22,Female,UYF8G6L1,$2b$10$kD5dUs2FwqwweHHYhrfgGOwPXPk33s/8pE94YCKepZ08PFDdKD1Uy,Teacher,7,2013-01-12,2014-06-11
2024076599,Ismael Gutkowski,Kiera.Moen79@yahoo.com,01855786065,1994-02-23,Female,AOR6VYIV,$2b$10$RSdZ.AoeQ0L3g.HTjRg1LOI2Bc9GrfHyKmDzeak9C7lFxOoBkz/h6,Teacher,7,2024-10-25,2025-12-08
2006075161,Gilberto Goldner,Sally58@hotmail.com,01929186095,1976-01-15,Other,Q42N28QO,$2b$10$Vym.jlIQ.OknRytu1rG/.OHjHpKKtDEIB8tVm5lJs1Orv0MsMtTda,Teacher,7,2006-12-22,2007-12-14
2000071743,Nancy Harvey,Chanelle.Franey43@gmail.com,01846534390,1970-12-28,Other,L2KKYHZG,$2b$10$RXQ2r3C1xypF5NRuvoWsYuHPz2ggodvuBaMsQxpYGenizZ/T.8B5e,Teacher,7,2000-08-25,2001-09-28
2010071672,Drew Effertz,Hellen.DuBuque@gmail.com,01958775422,1980-11-07,Other,HYDETLLX,$2b$10$qZAzJjnPUuRikYFWHhmbo.9OzDss6IlER3luT1eo/sawxsA4wowvO,Teacher,7,2010-07-23,2011-04-10
2000075883,Claude Price,Henderson23@hotmail.com,01884981958,1970-05-20,Other,ZJLLO01Q,$2b$10$jb9M6CLM5LYAZLyUfp4M9eSx9uUUCnWmzb0Ftjl9xHfewkuT7.oFW,Teacher,7,2000-07-15,2001-04-07
2012076512,Gerardo Blick-Gerlach,Juliet_Metz@yahoo.com,01716074278,1982-03-27,Male,K0ATPTOL,$2b$10$Co0kaTJRas4MAhGgaQJqx.n9WwEClfzaUa7R7wGcvjvX3YDTs6Ji6,Teacher,7,2012-03-15,2013-12-22
2000076114,Pamela Lindgren,Diego_Wyman-Swaniawski97@gmail.com,01710172393,1970-05-27,Other,YEAYXNIH,$2b$10$9S9RMXuSYU9tlQ.HQzebz.agvSCu0ceesYZJkmWlmX7cxBFNfGMq2,Teacher,7,2000-08-09,2001-03-07
2013071035,Angelina Stamm,Leola_Rice24@hotmail.com,01914999617,1983-08-13,Male,ASZGZJJ8,$2b$10$zzEMg5IIgFzyygZpEK0K5.jvyhejs01HuuOz4dm7GAJ.Yi5dMGAe.,Teacher,7,2013-09-09,2014-05-06
2012073926,Jonathon Kling I,Bo.Mueller@hotmail.com,01817490559,1982-01-21,Other,RVRP6BYD,$2b$10$NGQWc3hFc0YgM0CpddXlNuK2VSrj0q9KyhbhXKoxFOgWV6CuEH1K2,Teacher,7,2012-08-16,2013-04-22
2008076004,Dr. Wm Rippin,Charity_Maggio95@hotmail.com,01991349529,1978-03-15,Male,S2F72FFV,$2b$10$yC6cLElF9IrIYNcpwZxRTOG.ScJ0lQOI2nzvmk0zZ6pMhE3EZovL.,Teacher,7,2008-06-25,2009-10-25
2005083708,Julius Wiza IV,Una.Upton@hotmail.com,01947516062,1975-09-12,Male,6M486I6B,$2b$10$7/z34xzIWrBahgBXHIT0Ee7VwAfJ63KEKq05AmpVHSyFt3LAa3PSu,Teacher,8,2005-05-26,2006-02-22
2006088876,Erik Franey,Omer.Ledner@yahoo.com,01759496628,1976-05-12,Other,85A5AZY4,$2b$10$XOyL5poox8rMZq1J4NYBve3OPz6wJxs..oOnv6vYvkypM3Xjnzvny,Teacher,8,2006-02-07,2007-11-04
2017081474,Mr. Herbert Altenwerth,April_Runte48@hotmail.com,01673324685,1987-01-10,Male,NGE3L2I8,$2b$10$5I4dHROsCUmqTY/JubwVwu8sfSGVl4zaGPggrKmikLpyNTQE424h2,Teacher,8,2017-10-11,2018-09-08
2014084958,Johnnie Lueilwitz,Brandi_Goldner59@gmail.com,01640203994,1984-04-28,Male,77E5A6DR,$2b$10$WEP80um8jHZflWH5/btJoevRkHdnelrVEmWbQkmY.qCQn3m0G4gnO,Teacher,8,2014-01-13,2015-03-21
2014082735,Vickie Deckow,Garry_Schoen@gmail.com,01620446357,1984-11-21,Male,LZZZXDLI,$2b$10$LsQrImV5/N7ezHyC6TESKulb2AytYIWUKo6A2mtMjxgcAMND3WNam,Teacher,8,2014-01-13,2015-01-21
2019085506,Marian Homenick,Jaycee97@yahoo.com,01617147889,1989-11-15,Other,XFUGQRS1,$2b$10$sUAyBOrqFtK3kM/y9S28qehlSt.yQeIfERVFq4bSk6y6r7EDnyC.q,Teacher,8,2019-10-07,2020-06-17
2007085936,Sabrina Schumm,Concepcion_Bailey@hotmail.com,01947262856,1977-04-22,Other,W1DPM5AM,$2b$10$p3./wMRxRWw8SstufD3qF.N97WUjFA9RNdnuF1i/DjnnjgoXtsIIC,Teacher,8,2007-08-14,2008-12-22
2017084220,Debbie Huels,Alfredo.Cummings17@gmail.com,01862872390,1987-04-11,Male,OZBOCEI3,$2b$10$.g920sj1SeF8Yd4LvxadAuDaHWnD8GrFXbCuWmE41KbFvVn7lswLm,Teacher,8,2017-05-20,2018-11-25
2000087343,Janis Sporer,Billie.Wisozk@yahoo.com,01893297270,1970-06-23,Female,I71GBOQQ,$2b$10$SyBDRm3YN3tob5cEx3Yu1.omiB9dSrAfCLe7bbE.1YUMLNCSDWi22,Teacher,8,2000-05-18,2001-12-02
2020083706,Roman Bauch,Heidi.Ortiz52@yahoo.com,01983336021,1990-12-21,Female,XBO323VT,$2b$10$B7G8fXRgl7gVtRJgTAR77uHIUIpl5j0ie3TJJ.elNGQQna0yojP8C,Teacher,8,2020-02-18,2021-10-03
2014084797,Sergio Ebert,Paxton70@hotmail.com,01631976855,1984-06-21,Other,VWOP0LQD,$2b$10$HGNL8wHDq445j5sUtKsuke7M.ZM8hyoa6GGb9Z3fuYCrEYIia4lfK,Teacher,8,2014-11-09,2015-06-21
2023087098,Lynette Botsford,Cynthia_Marvin-McLaughlin@gmail.com,01513421451,1993-01-13,Female,8JZ3U06O,$2b$10$j0rGLdT1KO28ZZepJVhQ2.KfjB6aY3F7wyiakr9jfpck0Fg608oDe,Teacher,8,2023-01-05,2024-10-12
2024089632,Mrs. Grace Blanda,Hellen_Borer@gmail.com,01924539619,1994-07-24,Male,VXH7QT8H,$2b$10$CaUTPWJnA1eS0D1TDemNROSrlbrGM7QqmYI7vKEoXgCyNjmEyGKlC,Teacher,8,2024-04-21,2025-01-16
2007088132,Billy Harris,Dorothy48@gmail.com,01911000789,1977-03-06,Other,S39VM40Z,$2b$10$ZpUtWt0lOh2Z/hJBvq2paesFlU5T0RtufoAuV0uq5hsiCiWVlGEre,Teacher,8,2007-06-16,2008-04-08
2001089298,Andrea Bashirian,Evangeline_Leannon97@gmail.com,01570301496,1971-12-05,Female,NLK76SBQ,$2b$10$Br.b1TEbgNa7MN1IXDjxGeaQRLB9AUlpauhsVz8lQC90ryjSBqfR2,Teacher,8,2001-08-22,2002-05-07
2018088867,Hannah Feeney,Lisandro44@yahoo.com,01871050036,1988-09-22,Other,YC1L0U6Z,$2b$10$uBUPOUqzIB1m7MZIX05Z9e5UqFjl37rEbhrflucnTEndEbrRExFuO,Teacher,8,2018-02-05,2019-10-16
2014089632,Victor Schaefer DDS,Marjorie.Murazik@gmail.com,01914553266,1984-04-03,Other,893WP3T6,$2b$10$ycpKtc1Q07q29/PPJsx8Fu42sD.22/j8HC7ZsRaDiaHdUuoB5gnd.,Teacher,8,2014-07-21,2015-05-16
2017088611,Tabitha Waelchi,Phoebe79@yahoo.com,01851206195,1987-06-16,Female,VW6J6R7P,$2b$10$8qgL63KlOiEzPnEa92E6Zui7nprG/47x8Cf5x/u4GspBueAJHFM6e,Teacher,8,2017-10-28,2018-11-11
2006083390,Viola Kiehn,Alaina.Grady@gmail.com,01693574461,1976-02-19,Other,3OPBDOJ2,$2b$10$S2p/tKY..wiBkrK/GApDh.nhYqWBDSpPWPMuuuIAivC5ReJffEBi6,Teacher,8,2006-03-23,2007-10-13
2003085014,Laverne Reilly,Ward_Kling22@hotmail.com,01561512608,1973-03-09,Male,Q87X7WDW,$2b$10$Z.NEi9gc/CY051itlREBru6yf5haSR0N5ry4k2sGboGhPZ5JXypKC,Teacher,8,2003-05-04,2004-09-16
2022096603,Agnes Turcotte,Alysha.Rogahn66@yahoo.com,01929844197,1992-03-14,Female,YSVLKWS2,$2b$10$dcHYnnisdf.ezpg5U6vIvOwIYzhfZq9IY217dZPYKLuWkgQf4a3eW,Teacher,9,2022-02-28,2023-01-06
2009099332,Mrs. Rebecca Prohaska-Stiedemann,Mandy35@gmail.com,01976260432,1979-12-22,Other,Z7EOR5Y0,$2b$10$chcdri.dNO0GB9bQ0vRX4eA6iMc79AWR64A/PS1KvPWGl43Fca5De,Teacher,9,2009-11-03,2010-09-16
2012094017,Dominick Block,Mara_Wunsch91@hotmail.com,01888597745,1982-06-15,Other,ZVA418EV,$2b$10$S6pO0RE8hL6bFUcOpMryKeRzwrx1A/yD/1Ig5OX/gF/INX9qupG.C,Teacher,9,2012-12-09,2013-03-02
2017093777,Margarita Ortiz DDS,Joanny79@hotmail.com,01729548035,1987-01-14,Other,UUTJ6Y4L,$2b$10$gdOBEBwmn.Gyc3mWhJessujzIpmcwOBgji3PSqpuGltHLUfi6Jg0e,Teacher,9,2017-09-10,2018-06-15
2006095965,Julian Schroeder,Khalid_Dibbert@hotmail.com,01534153247,1976-02-18,Male,ISXSWFZC,$2b$10$vA.8NEmhLppZ.MP3bS4uy.6cCHvykvThVuWdb7yM.V/TMJth4pLxK,Teacher,9,2006-10-28,2007-05-13
2023097211,Dennis Krajcik,Lottie_Sawayn@gmail.com,01812678226,1993-07-18,Other,BXKC67ZQ,$2b$10$5WFG1x5jcUA2REqoann./ez6O9yYVjgN7dd.odanvXZTNrXNtj6ge,Teacher,9,2023-08-18,2024-09-06
2020093812,Kristy Stark,Deion52@gmail.com,01555047626,1990-07-02,Other,RAKP9XSS,$2b$10$duwsv2ZQrjeRkC6OyiJh/eeoHqEGVoblB9sjxG1w71a8o.pcwMfOu,Teacher,9,2020-08-11,2021-08-15
2023097362,Ignacio Veum,Donavon.Corwin88@yahoo.com,01787486731,1993-11-07,Male,ULMN7WKR,$2b$10$j6TyfxCRGZtq6iudsJOSROFLtVBRX4m.pnduJLPTD.cHiNKLkEsbq,Teacher,9,2023-04-02,2024-01-19
2005099167,Van Schneider,Paris_Blick@gmail.com,01740596499,1975-02-20,Other,66RVNTH0,$2b$10$eQUKzajwtVIveIxUO4gTKO26Gb4Uz1jJ2Ubq55bQOEqIQ.k4mTyAS,Teacher,9,2005-07-04,2006-12-26
2011092657,Francis O'Reilly,Chyna.Lakin30@yahoo.com,01521238499,1981-01-02,Female,EUZPSP1A,$2b$10$dB1sszQ4djffhByUNghOiuZeBH/rf8/X16Ex6l5jl4dxRG27zEksG,Teacher,9,2011-04-14,2012-07-05
2004098465,Sandy Kihn,Dwight_Stanton11@gmail.com,01629972189,1974-04-21,Other,LDWEN8SY,$2b$10$17Fz0OOMAC6FSKQcJaIuE.HyAsJO8wn0JdNAUAezPg4d7hxGVNz86,Teacher,9,2004-09-24,2005-12-28
2018095693,Perry Murphy,Kaci.Haley4@hotmail.com,01673895627,1988-05-08,Other,DQ5KMOF3,$2b$10$dup9miJ7vYpAwRlkp8bCHO4qZRGnpNjVk2TkdShoEUXCNF5XvwjZO,Teacher,9,2018-05-04,2019-12-23
2020095757,Nicolas Terry,Vaughn.Hintz40@hotmail.com,01883408661,1990-09-23,Other,357M01KL,$2b$10$muZPhS05pvUhwJ34Sr2ZUOjBY2EdxNdh50gAcCGDG6NK37jAoiE0i,Teacher,9,2020-08-23,2021-04-25
2003097775,Allen Johnson,Kiley.Bergnaum44@hotmail.com,01524582733,1973-01-23,Other,X13PQZWL,$2b$10$8ancMLPzbH2D9mhNh0g.M.XOD06dTLODRy6e5rpJK/zzDB13f0mwW,Teacher,9,2003-11-05,2004-03-03
2024094472,Devin Gusikowski,Salvador_Beatty51@yahoo.com,01939554201,1994-05-28,Other,CFT4I3T1,$2b$10$ZKcRVxDs7mQe7yXUHnHJLe23V0sykMOfPLaj5PG8ao7t4nI9KIXoi,Teacher,9,2024-11-17,2025-01-02
2019092827,Edith Pagac V,Nathaniel_Lowe58@gmail.com,01933395081,1989-08-24,Other,346EO9GB,$2b$10$yl60rt5LoT010LZzWHxgPe1nz1qhuPD4tKj3bAWPlHOgUMe0roaUm,Teacher,9,2019-07-02,2020-11-19
2020099983,Joey Kreiger,Ayla0@yahoo.com,01567840181,1990-09-01,Female,VGJY4D9E,$2b$10$.eMZ/IEj//YUNmrq8WMNz.GWLpoFZL/frh5VGrIeLitmbC5lRepdO,Teacher,9,2020-12-27,2021-08-07
2008099274,Ellis Friesen,Eudora26@yahoo.com,01720228281,1978-02-13,Female,I8NXRKAO,$2b$10$xCsfngQkwJso3DjVPuTiLu8VL0zgHngQHpbB4N3Q3ZeLe1HrDTl1C,Teacher,9,2008-12-02,2009-12-15
2005095591,Vera Dietrich,Berenice_Bednar57@gmail.com,01880945827,1975-06-05,Other,AOS190FH,$2b$10$d4AphoQFlkKKVYOxO8JLz.xc.H84tltr/kSobQBP3xH/laEW4rIk6,Teacher,9,2005-08-17,2006-09-10
2016092126,Estelle Raynor,Krystina43@gmail.com,01578020296,1986-09-26,Other,UO5SQXE5,$2b$10$rT8edPAUMyp/PaVf6V1GbOMPBaElPmzy1tj6oRUqfv47dI5KZgzKm,Teacher,9,2016-04-03,2017-08-15
2021107531,Dorothy Medhurst,Reece77@hotmail.com,01981367838,1991-06-28,Female,O0T27INZ,$2b$10$6Q/ZsTTgUEO7B3IMEh0N.OhbQddvUbabjETPghIfTAXi1h4eLUu3u,Teacher,10,2021-12-18,2022-07-22
2014103777,Patti Predovic Jr.,Lonny.Wilkinson23@yahoo.com,01952292672,1984-05-10,Other,RA7RRF5N,$2b$10$rxZf.xad5wGwW3ipG2sW0eEsO.JO9gySJlctpVIBinkSUoIXk1Zoq,Teacher,10,2014-07-23,2015-01-25
2020106203,Taylor Waelchi,Eda_Kozey14@gmail.com,01881816529,1990-10-03,Female,QLSQCL8W,$2b$10$qTYTuAelE3hFORpdSd2ADOKwgq17.Q00fCE6daS3OXcmqy4CfgEw.,Teacher,10,2020-12-07,2021-04-03
2019104038,Gretchen Armstrong,Jacques_Romaguera@hotmail.com,01862907303,1989-02-10,Male,QRGTQ73J,$2b$10$Sw1RG3qMxiUYGaat4U2s3.h/hyiFORxQdPDo.Bj3q04WeGleS.U/2,Teacher,10,2019-06-23,2020-03-20
2015103631,Janie Auer MD,Nikita56@hotmail.com,01656171825,1985-05-28,Other,SEKTOHU3,$2b$10$EuwqlTpoy.v9Uz9QRlM3aOZo02z9B5504cxVOzOvTqbaFUIHrUzMW,Teacher,10,2015-11-28,2016-09-27
2012102916,Simon Morissette,Cleora_Wolff79@yahoo.com,01526964384,1982-10-10,Other,CNO67N1A,$2b$10$X4pk67eU0c/Mk4R3ql1gFeXhe2t/49Tt7.Y1fnfwU2K6ycbUZy0eu,Teacher,10,2012-06-05,2013-06-26
2022101288,Melody Armstrong,Elias_Cartwright-Cole@yahoo.com,01890547173,1992-03-17,Male,UZMBPDD9,$2b$10$qkBfJvCan6J1ews5O3lZ6.xEBL1Wnx0u/4CImvryrG.wu7KVNI5e6,Teacher,10,2022-09-20,2023-06-05
2020101770,Helen Bergstrom,Josefina.Ratke@gmail.com,01792296695,1990-06-25,Other,ASUQGT4S,$2b$10$QGHOZ2kzOxR/TwVjUwdUxeY0Onz5ur1Gz8anTh30o0MbMa6ISYwXK,Teacher,10,2020-10-10,2021-06-11
2012105279,Diane Jaskolski,Damion.Parker18@gmail.com,01982321006,1982-11-19,Female,HYWMX88R,$2b$10$qcIASQO/FeBdqtXG/XUqyeRqdplaWkfF5RxOQwOH4JN6hnd/QFmOe,Teacher,10,2012-02-23,2013-10-19
2005103480,Pete Tremblay,Chance56@yahoo.com,01840212966,1975-03-02,Male,H3OQ1UMO,$2b$10$Lnq7VVbtUgz5VVgQbYfJpOsbT3na2Jj4kaK0SQqFjFnw3qlFthZV2,Teacher,10,2005-09-05,2006-06-25
2002108727,Cheryl Schamberger,Merritt_Roberts47@yahoo.com,01977244443,1972-01-17,Other,0CXAZN9B,$2b$10$H8BqZzTbnG1QFvmSVgy9eeYwbqABaBbdp0crAcobcDhOAoWWYtGAe,Teacher,10,2002-04-15,2003-06-17
2001102941,Jenny Morissette,Oswaldo.Schmitt@gmail.com,01531172634,1971-04-18,Other,C0H2WZFZ,$2b$10$hGqWLA0XRLyKM58cvnr0gOOsOjFUVgjBUOnANtz0SzNgSbJzjnX42,Teacher,10,2001-02-05,2002-08-03
2006109840,Dianne Turner,Kiel93@hotmail.com,01684285892,1976-08-20,Other,NQN8VLO7,$2b$10$tE/weXGbPp61Ml0yCQwmb.b6oYIThZch24AlwCuO/9BuoU29dw982,Teacher,10,2006-06-15,2007-10-07
2002106346,Ernestine Doyle,Una_Brakus-Swift59@gmail.com,01724816664,1972-06-06,Male,H7GO8IDU,$2b$10$IcBmWEgjJTLtMQYySSKw/u3s.HMWga9wEX2lXJfb22BgY2t8k19fS,Teacher,10,2002-09-16,2003-02-28
2012103394,Krista Christiansen,Camille80@yahoo.com,01857995226,1982-06-05,Other,M63L0GBP,$2b$10$tG88WC40ZvmBn4dw4/9BfeQtuaVuF996X9BD1tBLDPzOZvH56QZbu,Teacher,10,2012-10-03,2013-12-14
2005105164,Shannon Considine,Karlie80@gmail.com,01965658212,1975-01-13,Other,I62QLJGC,$2b$10$2NcDGFxBbEuCM5GCcoBS..sNDanB9dq7PuIhC816EYtsTCeuAf04a,Teacher,10,2005-02-16,2006-10-05
2015101117,Florence Orn,Addie_McClure14@yahoo.com,01531981240,1985-07-20,Female,RKTEV0GC,$2b$10$eySqHNWcOUtwUSILHk/2ieQoEwRhQSF3UhdpG7Rue88.xw2AsN7K.,Teacher,10,2015-11-11,2016-08-04
2006104173,Javier Price,Immanuel.Schuster29@hotmail.com,01629100757,1976-04-04,Other,L5GWVUN4,$2b$10$534OKd1.57X9rwtv8PfN6.l9rBmgxUScDvTlI8g6usbA9uzVAKKce,Teacher,10,2006-07-20,2007-11-02
2021109721,Dr. Ramiro Padberg,Lew.Koch20@yahoo.com,01998339692,1991-05-17,Female,KMY8QVBF,$2b$10$UYrHq.VTDgVYA0oO01bb..q3WulHceexVqMYkNZZdwD6RgEmJFJ.W,Teacher,10,2021-08-10,2022-09-01
2011108611,Audrey Koelpin,Jaycee_Ferry54@hotmail.com,01514637563,1981-07-22,Female,8A4DVTZK,$2b$10$FReakFUFyjBaID0..YyXuewS0qgRPbk5y.Zi0ovBHAhbXKT7DHGuG,Teacher,10,2011-05-19,2012-12-25
2020111597,Carlos Baumbach V,Jadyn_Mraz94@hotmail.com,01677103625,1990-01-03,Other,C9LWD870,$2b$10$AyRMI7/e629PdaEXlCIh5uAgf321vH12CyZxgwQGGmb3y8lf9FzFu,Teacher,11,2020-03-13,2021-10-03
2021113402,Cary Windler,Carli42@hotmail.com,01589788163,1991-10-24,Other,6539RB1D,$2b$10$YjOXxSs2GAzJr.L4KKy8m.JyRhudMihuJqzEaV7iP4OT7YPD9iIzm,Teacher,11,2021-09-28,2022-10-27
2012114994,Pamela Rohan,Montana.Witting@yahoo.com,01846761195,1982-01-01,Female,BFRF07LO,$2b$10$oH2QV2yiF3ew9LnkwMZA.eEol.A.t.WfllLirmAzLUbEiUVsdqExy,Teacher,11,2012-08-10,2013-07-25
2021118738,Phil Becker,Melany.Treutel2@gmail.com,01798760147,1991-05-10,Female,MX3N5OOF,$2b$10$5A8opWmdlCVOLNZ3CZl07OyNcHqlO7r9L..iOuix7OkNG32JeAdS.,Teacher,11,2021-03-08,2022-07-01
2015115186,Janie Schuster,Amely.Simonis@yahoo.com,01626918526,1985-08-04,Other,VPXQ2S7T,$2b$10$imGMTlMUlJ/Wb2CVp6XnR.sjMY24.tqCt.9vx/gBRJ2vyuhvu.Asq,Teacher,11,2015-04-12,2016-08-17
2006113679,Jason Ankunding,Reba52@hotmail.com,01655100925,1976-09-25,Other,VA50BQSE,$2b$10$DziVLHvPIFYvaxdNquf8wOJiGFxXcnaALXltJL5..azqKClVDbG3G,Teacher,11,2006-03-13,2007-02-27
2023111860,Nichole Schaefer,Litzy40@gmail.com,01878608383,1993-05-27,Other,68V7KUQ0,$2b$10$S3MzF5KGuZuiJxZ3whubyeiAwXi.89uE5punoDl3PcOFs/pF2wNmu,Teacher,11,2023-08-11,2024-07-12
2000119324,Dustin Spinka,Kamille76@hotmail.com,01752218540,1970-01-11,Male,YYBDFYC4,$2b$10$52PBVt622cA974r6dCJEaetsbBQNnwDpIHwi1VAdvjMknrHpmM7eK,Teacher,11,2000-11-11,2001-03-23
2022118852,Shari Abbott,Glennie.Medhurst7@gmail.com,01876254313,1992-10-26,Male,7QQI93KT,$2b$10$np9jbO6qSegLIbyZOYfhU.LjPv5/aGx5Yyg8f5R8.iRMhOM8lCqaG,Teacher,11,2022-11-26,2023-07-08
2013114162,Dr. Mary Schumm,Stan_Schaefer@yahoo.com,01930346532,1983-03-06,Male,134NAM3T,$2b$10$HUmUPMfKs2mh5swYScR8bO89yMAVN/RpbEPuj.I/JjHKXyS79B2FS,Teacher,11,2013-08-19,2014-08-22
2005116724,Dustin Rodriguez,Sydnie.Lehner39@hotmail.com,01844003655,1975-07-28,Male,HHSH70WY,$2b$10$9d0g7HxK/WEZLqIoY0bX..9xrPrT0RKQa9x8PB.xSeCVyfF7Rq/y.,Teacher,11,2005-07-23,2006-10-27
2012113685,Mrs. Amber Buckridge,Myles2@yahoo.com,01553166262,1982-11-16,Other,RBE46OGE,$2b$10$h6CKumxR5GT0mEsDQFq8CufhN9MM4UusHiDWGq8oyDTp864m.JF4e,Teacher,11,2012-11-17,2013-11-13
2001112769,Laurence Bartell,Eliza26@yahoo.com,01962173394,1971-10-08,Other,T4W0ZOGS,$2b$10$5InENGJkgC.433hakRQLtudDq.8Di97M2W6nefgfDEOkQD/QNjFPK,Teacher,11,2001-12-22,2002-05-24
2021111435,Adrian Swaniawski,Benny16@yahoo.com,01949770360,1991-03-03,Other,GVCQXB81,$2b$10$sUtM64Kz87fOBAzmxVzymu2DVGwJbul3xukJhbQn6QXGoeInN9k.q,Teacher,11,2021-11-06,2022-08-20
2016119029,Raquel Rath,Elsie96@gmail.com,01974552062,1986-01-18,Female,D30GN6VF,$2b$10$IWUETQuEBXACYaTzR4lWke/6xeTyhAt0xezs/36tFbumSybV6Tzj6,Teacher,11,2016-07-09,2017-05-08
2010111904,Eric Heidenreich,Cameron.Ritchie@hotmail.com,01655085499,1980-03-21,Female,FWM77EO1,$2b$10$MWVNy6QUgJ1yT3AfGp3USOf6s7jQQ/bhCoPYJxfbZ9SWHsOp.yFm6,Teacher,11,2010-03-01,2011-05-07
2004119845,Bradford Parker,Maci_Kozey86@hotmail.com,01722583527,1974-10-06,Female,P4FG3U0W,$2b$10$g0yETw2IwUnKYtQIGlu7r.S76/bFzdXtfcdJXNX05dUhG1g7pqoCm,Teacher,11,2004-01-19,2005-05-01
2016116449,Leslie Lubowitz,Abigayle31@hotmail.com,01915357591,1986-01-08,Female,HBHIJABN,$2b$10$gPqLTR4G1psegyUSepwLA..YxWXjKREaDArLbr9zeVatVg92w/icO,Teacher,11,2016-08-10,2017-05-24
2018111187,Carl Hills,Casimer_Gulgowski98@gmail.com,01756052056,1988-02-02,Female,EZXNPAM2,$2b$10$8gfdgWB6rddTjrTS.xg0MO/t0Xv2vRM314xbw5f/33yMsolq60nzi,Teacher,11,2018-12-08,2019-12-15
2013111536,Kenny Okuneva,Rosario.Schultz14@yahoo.com,01633487701,1983-06-17,Male,MBAE2AUD,$2b$10$fFm/K85Bh4ovv4Da8SsWaO3O9lfAicAGrKYwN.96u1XvX.NJz1TSS,Teacher,11,2013-06-24,2014-06-14
2012122496,Angel Hodkiewicz,Rebeca_Cassin@yahoo.com,01682820020,1982-09-15,Other,PXLGKVPP,$2b$10$DvjwSQotBx1QS/jAnGcwhujRjb8t44veCkkubbfIzudEIZXFN.lAy,Teacher,12,2012-06-21,2013-10-26
2009127417,Jose Kuphal,Telly.Schneider-Grady@yahoo.com,01976964203,1979-10-03,Female,GFI8IH3Q,$2b$10$dn1pggou3YuyEk5LC.7SK.6dZesY9tpOyqDRxVhPedeztl8DomNbe,Teacher,12,2009-11-06,2010-01-23
2013126056,Adrian Hartmann,Jaydon_Kling@gmail.com,01726472127,1983-12-16,Female,6N6MA66I,$2b$10$45PbPRptjW4H5Ci6RwZqjOi4Zn7Kim3kJSUBs1TYiRKxURfx8meua,Teacher,12,2013-02-13,2014-03-06
2013124804,Estelle Lynch,Scot.Morissette@gmail.com,01938316996,1983-03-10,Male,R2UB7SZ5,$2b$10$8lbGO/fEB2ZRrBXKCH8EZuoa1z78uOUdJHDCmBwPv4XcpNdyc/162,Teacher,12,2013-10-09,2014-01-25
2007124952,Penny Barrows,Easter.Shanahan38@yahoo.com,01831175067,1977-02-27,Male,UDN103XY,$2b$10$gvfHl/qlAhUwmgGf45U7yOB91w7/siq4J3ht88fRkOamMjyZMleD2,Teacher,12,2007-01-27,2008-08-04
2019125801,Ignacio Wehner,Tess88@yahoo.com,01577974470,1989-05-05,Female,A8QTP64H,$2b$10$tZLE.lM6I1L3wTHHgbAjfeYc3JPO0/RGp2NqBlzWePTRC/fa4iXJW,Teacher,12,2019-07-02,2020-05-15
2014123891,Dawn Feil II,Maximus.Auer25@gmail.com,01838809779,1984-10-02,Female,QFR75P28,$2b$10$94SBDtWmmdm3QMPpXgDeSeYC0/gHHUhsyPJQeYQlMGpiBj2NLWhAu,Teacher,12,2014-11-23,2015-01-05
2012121720,Lee Langworth,Jordi_Feil73@yahoo.com,01846389338,1982-09-25,Other,XUYQ5Z35,$2b$10$1JsSa1Ob3a1XMh1vWxCp1.bJCDJAJXlkwapV5RatMq3AUSOQ/DcEu,Teacher,12,2012-06-08,2013-10-28
2010124182,Stacey Schulist,Ansel.Kuphal@hotmail.com,01529249943,1980-02-23,Male,STZJ3OT1,$2b$10$I4s9VnQD2cU.055iHGbXdOrGoA0phnQATMW76GGXVuYbgYIzevBoG,Teacher,12,2010-12-22,2011-11-23
2018124373,Ms. Alice Kertzmann,Adolfo9@yahoo.com,01578157163,1988-02-10,Female,3WAKB6D5,$2b$10$tOnpLZ81CfDUrqV..a3C/eRW0xkQeDhyjU4KLwW6mq292/GMtNYVK,Teacher,12,2018-02-07,2019-12-15
2013129490,Nathaniel Spinka IV,Brooke67@hotmail.com,01722012727,1983-12-23,Female,2F3IAIZ6,$2b$10$6j8fH0qK4oqBgM30a.Tfn.wI2uL.ykQixr9oYCq2n.6/l.IEtqZle,Teacher,12,2013-05-06,2014-07-03
2022129622,Agnes Ferry,Pietro55@gmail.com,01658432797,1992-11-06,Other,PHIT33PG,$2b$10$phj9r0C1012XD3LK3.19X.B3b.0ldjwd7Cr3JoXnxPTw0oUphJvvG,Teacher,12,2022-06-26,2023-05-02
2019127799,Luke Purdy MD,Dovie21@gmail.com,01619209821,1989-02-13,Female,KECN9ON4,$2b$10$6blFM4HoadYnWbO.Qjbwtugh2fTzQVg2Z66dwb4g/VC2EJRGw52y6,Teacher,12,2019-09-01,2020-08-28
2020125390,Karen Torphy,Rodger.Schultz@hotmail.com,01770688256,1990-09-11,Other,I465F570,$2b$10$Vgx9Ir4gDLKYoqyIRFNln.RMM8CZLkqCweN5FKk2HLCF/9goSuVa.,Teacher,12,2020-02-16,2021-04-01
2014124813,Ruth Mayert,Glennie_Reilly@yahoo.com,01766979752,1984-03-06,Male,GPU47G23,$2b$10$oo1qSUBiubOgLB4rOzy2C.MqaVJ3zTHdI7rfHVPLUl2miNC/84bAm,Teacher,12,2014-04-27,2015-05-12
2016123833,Fannie Morissette,Luna83@gmail.com,01529035298,1986-01-14,Other,ACMY81YP,$2b$10$VwsuUXASeB5DBR22.CritOJ81Hg1QdXoSB9W.sLPexwS5PmuHNUoC,Teacher,12,2016-12-06,2017-07-26
2025121014,Evan Kuhic,Lupe.Orn@yahoo.com,01672764033,1995-09-21,Male,FRT8FJCO,$2b$10$Jf//VSN5sSLTyTVJQ4C/JOIwgyWhRIgryNqzxyGQ0Hw8VhzkYcJre,Teacher,12,2025-02-15,2026-03-09
2020122179,Woodrow Cassin,Cydney_Kohler72@yahoo.com,01954221431,1990-01-09,Other,IP0RRSM0,$2b$10$Kpa4CNv5KW/nOr5w5H4OAufkr8gzwzhdBFN0Dh8uZwxySTmq2pKUy,Teacher,12,2020-11-23,2021-03-02
2009126687,Gustavo Schroeder V,Amy.White43@hotmail.com,01727108975,1979-10-10,Female,C8IN56CN,$2b$10$S7wUT3Xrbl3rLub4TSYDdOU3rpuXS/tW303mR6b8/ancORgoafRXS,Teacher,12,2009-02-25,2010-07-03
2005128808,Chester Kub,Jacinthe12@yahoo.com,01650278847,1975-04-24,Female,0XLDK8US,$2b$10$EI0waYcYNwvaoXrH.1UIgO633/TriLXh1ECOjOD3.iyxx4sircH6O,Teacher,12,2005-04-09,2006-05-19
