title,message,created_by,created_at,student_id,teacher_id,department_id,course_id,hall_id,semester_id
Open-architected actuating access,Ipsa beatae quidem tondeo vix aperiam sursum. Terebro aegrotatio solio dolor caelum viridis maiores civis.,system,2025-06-21 14:07:54,,,,,1,
Horizontal cohesive approach,Advoco coaegresco vilitas crastinus. Terra dens verumtamen.,admin,2025-06-24 00:12:54,,,,,1,
Reverse-engineered client-driven website,Stella amaritudo debitis architecto cura validus tabula decerno valde. Perferendis sopor paens accommodo torrens deserunt attonbitus pax.,system,2025-06-21 13:29:35,,,,,1,
Virtual coherent product,Delectatio audentia demonstro vinculum sollicito pecco considero celer. Celer cenaculum volaticus aqua ago a argentum.,system,2025-06-14 19:56:47,,,,,1,
Face to face context-sensitive concept,Validus cado cohibeo alter. Cruentus sursum vado curiositas tribuo ulterius virgo temporibus.,system,2025-06-19 21:55:33,,,,,1,
Phased resilient synergy,Vulgus tempore vicissitudo patria ustilo. Dolorum angulus suppellex quae eligendi clibanus.,admin,2025-06-24 11:03:09,,,,,2,
Optional motivating generative AI,Cresco clementia curvo taceo cresco currus cariosus tempora patior umerus. Traho defendo triduana conatus viscus beneficium advenio.,system,2025-06-18 23:40:13,,,,,2,
Profit-focused mobile knowledge base,Vespillo viduo sequi modi. Earum astrum deludo tristis illo vereor sopor stultus defungo.,dean,2025-06-23 22:36:36,,,,,2,
Reverse-engineered empowering project,Mollitia usus cohaero cunae canto suasoria. Accusator damno textor desipio qui decipio cultura volup quos sophismata.,system,2025-06-18 01:06:10,,,,,2,
Diverse fresh-thinking knowledge user,Coma textor cognatus adstringo. Adnuo congregatio vulgaris.,dean,2025-06-22 13:02:48,,,,,2,
Realigned exuding matrices,Degero delectus territo amissio aro tumultus. Minus solutio laboriosam comptus cetera vado comis.,system,2025-06-23 14:49:38,,,,,3,
Advanced tertiary generative AI,Calculus angelus toties auctor. Condico tamdiu tempore talus cena torqueo crepusculum calamitas volubilis.,admin,2025-06-22 08:29:08,,,,,3,
Sustainable exuding throughput,Aspernatur thorax studio color. Tergeo quam cruentus vespillo bibo.,admin,2025-06-14 18:56:05,,,,,3,
Monitored resilient function,Totus summopere campana necessitatibus demoror. Tantum autus crur suadeo cultura timor sono arma deinde aeneus.,system,2025-06-23 12:07:19,,,,,3,
Smart reciprocal access,Absens ab custodia crur thesis acquiro. Damno veniam somnus dolores optio volutabrum.,system,2025-06-23 04:02:33,,,,,3,
Secured value-added installation,Neque thymbra aggero contabesco curto quos. Ante reprehenderit spargo uxor crebro facilis commodi omnis utor.,dean,2025-06-20 08:17:07,,,,,4,
Organic coherent array,Antiquus tepesco aptus demergo termes venio volubilis admitto depopulo aureus. Totam acidus cunae cogo virtus culpa trepide dedecor perspiciatis.,system,2025-06-21 11:43:12,,,,,4,
User-friendly optimizing core,Vae repellat nemo suscipit illo vivo. Thymbra voluptatibus alias cursus velut cultura speculum curia suspendo candidus.,system,2025-06-22 12:36:41,,,,,4,
Programmable analyzing workforce,Comprehendo cetera audentia aegre cado appello bis. Celebrer cupressus viridis.,dean,2025-06-19 23:31:37,,,,,4,
Profit-focused next generation function,Suscipio currus advenio dedico valeo suus thymum tendo certe sequi. Coniecto sustineo cumque.,admin,2025-06-24 10:19:19,,,,,4,
Open-source 24/7 pricing structure,Vae vere argumentum administratio auxilium corrupti supellex vilicus veniam doloremque. Voluptas ut alo cauda cognomen vester sollers delectus saepe.,system,2025-06-24 05:50:02,,,,,5,
Exclusive explicit database,Blanditiis cupressus ante certus. Terebro paens cometes temptatio corporis.,dean,2025-06-18 19:42:37,,,,,5,
Multi-tiered dynamic contingency,Coerceo curto eaque una vomito cariosus deinde. Qui videlicet bestia advenio antepono alioqui tergo cernuus centum adsum.,dean,2025-06-18 20:26:58,,,,,5,
Proactive asymmetric flexibility,Solutio amoveo crastinus theca facere curia bellum virga bestia coaegresco. Tristis copia capitulus baiulus.,system,2025-06-15 20:32:37,,,,,5,
Centralized transitional system engine,Utique cito absque termes bellum ciminatio. Optio ager corpus.,system,2025-06-19 23:05:29,,,,,5,
Sharable resilient portal,Vulnus confero vulgus abduco defessus degusto deleo cervus abbas confido. Commodi conduco attero.,dean,2025-06-17 06:11:21,,,,,6,
Secured composite synergy,Absconditus contra soluta adulescens. Rerum tempora iusto turba spiritus beatus cilicium.,system,2025-06-23 08:20:33,,,,,6,
Centralized composite conglomeration,Vitae vilitas excepturi vapulus validus sunt. Advenio tametsi territo centum bene.,dean,2025-06-22 06:15:51,,,,,6,
Progressive empowering encryption,Appositus incidunt credo verecundia. Sponte qui vigilo crinis congregatio.,system,2025-06-18 21:58:56,,,,,6,
Front-line systematic analyzer,Ciminatio aptus venio cubicularis conqueror tego patria commemoro. Sit vestigium timidus confido.,admin,2025-06-17 18:41:40,,,,,6,
